# ************************************************************
# Sequel Pro SQL dump
# Version 4541
#
# http://www.sequelpro.com/
# https://github.com/sequelpro/sequelpro
#
# Host: localhost (MySQL 5.6.35)
# Database: yii2_basic_db
# Generation Time: 2017-03-14 11:17:38 +0000
# ************************************************************


/*!40101 SET @OLD_CHARACTER_SET_CLIENT=@@CHARACTER_SET_CLIENT */;
/*!40101 SET @OLD_CHARACTER_SET_RESULTS=@@CHARACTER_SET_RESULTS */;
/*!40101 SET @OLD_COLLATION_CONNECTION=@@COLLATION_CONNECTION */;
/*!40101 SET NAMES utf8 */;
/*!40014 SET @OLD_FOREIGN_KEY_CHECKS=@@FOREIGN_KEY_CHECKS, FOREIGN_KEY_CHECKS=0 */;
/*!40101 SET @OLD_SQL_MODE=@@SQL_MODE, SQL_MODE='NO_AUTO_VALUE_ON_ZERO' */;
/*!40111 SET @OLD_SQL_NOTES=@@SQL_NOTES, SQL_NOTES=0 */;


# Dump of table tbl_article
# ------------------------------------------------------------

DROP TABLE IF EXISTS `tbl_article`;

CREATE TABLE `tbl_article` (
  `id` int(11) NOT NULL AUTO_INCREMENT COMMENT 'ID',
  `uid` int(11) NOT NULL COMMENT '用户ID',
  `entityId` bigint(20) NOT NULL DEFAULT '0' COMMENT 'EntityId',
  `categoryId` int(11) NOT NULL DEFAULT '0' COMMENT '分类表Id',
  `title` varchar(255) CHARACTER SET utf8 NOT NULL DEFAULT '' COMMENT '标题',
  `face` varchar(255) CHARACTER SET utf8 NOT NULL DEFAULT 'http://placehold.it/210x140' COMMENT '封面',
  `content` text CHARACTER SET utf8 COMMENT '内容',
  `addTime` int(10) NOT NULL DEFAULT '0' COMMENT '添加时间',
  `upTime` int(10) NOT NULL DEFAULT '0' COMMENT '更新时间',
  `keyWord` varchar(255) CHARACTER SET utf8 DEFAULT '' COMMENT '关键字',
  `commentNum` int(11) NOT NULL DEFAULT '0' COMMENT '评论数',
  `viewNum` int(11) NOT NULL DEFAULT '0' COMMENT '阅读数',
  `status` int(11) NOT NULL DEFAULT '0' COMMENT '状态',
  `isTop` tinyint(1) NOT NULL DEFAULT '0' COMMENT '是否置顶',
  PRIMARY KEY (`id`)
) ENGINE=InnoDB DEFAULT CHARSET=utf8 COLLATE=utf8_unicode_ci;

LOCK TABLES `tbl_article` WRITE;
/*!40000 ALTER TABLE `tbl_article` DISABLE KEYS */;

INSERT INTO `tbl_article` (`id`, `uid`, `entityId`, `categoryId`, `title`, `face`, `content`, `addTime`, `upTime`, `keyWord`, `commentNum`, `viewNum`, `status`, `isTop`)
VALUES
	(25,4,151,45,'案例4：花坛测绘','uploads/Article/face/thumbs//25_1478092587.jpg','<embed src=\"/uploads/attached/media/20161102/20161102210635_98475.mp4\" type=\"video/x-ms-asf-plugin\" width=\"550\" height=\"400\" autostart=\"false\" loop=\"true\" class=\"videoPlayer\" />',1478092018,1489487883,'花坛,Yii2,Web',2,32,1,0),
	(28,4,154,47,'案例2：电池放电曲线研究','uploads/Article/face/thumbs//28_1478094143.jpg','<p style=\"text-align:left;\">\r\n	<img src=\"/uploads/attached/image/20161103/20161103230434_93671.jpg\" alt=\"\" /> \r\n</p>\r\n<p style=\"text-align:center;\">\r\n	<a class=\"ke-insertfile\" href=\"/uploads/attached/file/20161103/20161103194606_76686.docx\" target=\"_blank\"><span style=\"font-size:18px;\"><span style=\"font-size:18px;\">电池放电曲线研究.docx</span></span></a> \r\n</p>',1478094137,1478164310,'',2,55,1,0),
	(29,4,155,46,'案例2：污水处理','uploads/Article/face/thumbs//29_1478094794.jpg','<embed src=\"/uploads/attached/media/20161102/20161102215238_59882.mp4\" type=\"video/x-ms-asf-plugin\" width=\"800\" height=\"600\" autostart=\"false\" loop=\"true\" class=\"videoPlayer\" />',1478094782,1478192755,'',3,39,1,0),
	(30,4,156,35,'案例3：数据拟合五个步骤','uploads/Article/face/thumbs//30_1478098284.jpg','<img src=\"/uploads/attached/image/20161102/20161102225101_44110.jpg\" alt=\"\" />',1478098270,1478159828,'',3,35,1,0),
	(31,4,157,35,'案例2：思维导图','uploads/Article/face/thumbs//31_1478098375.jpg','<embed src=\"/uploads/attached/media/20161102/20161102225233_84392.mp4\" type=\"video/x-ms-asf-plugin\" width=\"550\" height=\"400\" autostart=\"false\" loop=\"true\" class=\"videoPlayer\" />',1478098358,1478164554,'',6,46,1,0),
	(32,4,158,35,'案例1：思维台阶','uploads/article/face/32_1478098461.jpg','<embed src=\"/uploads/attached/media/20161102/20161102225410_72214.mp4\" type=\"video/x-ms-asf-plugin\" width=\"550\" height=\"400\" autostart=\"false\" loop=\"true\" class=\"videoPlayer\" />',1478098455,1478158683,'',1,42,1,0),
	(33,4,159,37,'2.操作步骤示意图','uploads/Article/face/thumbs//33_1478098735.jpg','<img src=\"/uploads/attached/image/20161102/20161102225844_84670.jpg\" alt=\"\" />',1478098727,1478098727,'',0,26,1,1),
	(34,4,160,37,'1.操作matlab拟合','uploads/Article/face/thumbs//34_1478098794.jpg','<embed src=\"/uploads/attached/media/20161102/20161102225942_67493.mp4\" type=\"video/x-ms-asf-plugin\" width=\"550\" height=\"400\" autostart=\"false\" loop=\"true\" class=\"videoPlayer\" />',1478098786,1478159995,'',2,32,1,1),
	(35,4,161,37,'数据4-中国人口数据','uploads/Article/face/thumbs//35_1478099127.jpg','<p>\r\n	<img src=\"/uploads/attached/image/20161103/20161103233949_43737.jpg\" alt=\"\" />\r\n</p>\r\n<p>\r\n	<a class=\"ke-insertfile\" href=\"/uploads/attached/file/20161103/20161103233054_26685.xlsx\" target=\"_blank\"><span style=\"font-size:24px;\">中国人口数据.xls</span></a> \r\n</p>\r\n<p>\r\n	<br />\r\n</p>',1478098899,1478098899,'',0,30,1,0),
	(36,4,162,37,'数据3-身高和体重数据','uploads/Article/face/thumbs//36_1478099389.jpg','<p style=\"text-align:left;\">\r\n	<img src=\"/uploads/attached/image/20161103/20161103232934_90060.jpg\" alt=\"\" /> \r\n</p>\r\n<p>\r\n	<a class=\"ke-insertfile\" href=\"/uploads/attached/file/20161103/20161103232942_28950.xlsx\" target=\"_blank\"><span style=\"font-size:24px;\">身高和体重数据.xls</span></a> \r\n</p>',1478099184,1478192645,'',2,39,1,0),
	(37,4,163,37,'数据2-煤层厚度勘测数据','uploads/Article/face/thumbs//37_1478099463.jpg','<p>\r\n	<img src=\"/uploads/attached/image/20161103/20161103232743_74992.jpg\" alt=\"\" /> \r\n</p>\r\n<p style=\"text-align:left;\">\r\n	<a class=\"ke-insertfile\" href=\"/uploads/attached/file/20161103/20161103232803_69636.xlsx\" target=\"_blank\"><span style=\"font-size:24px;\">煤层厚度勘测数据.xls</span></a> \r\n</p>',1478099456,1478159943,'',2,48,1,0),
	(38,4,164,37,'数据1-均流池数据','uploads/Article/face/thumbs//38_1478099539.jpg','<p style=\"text-align:left;\">\r\n	<img src=\"/uploads/attached/image/20161103/20161103231905_34503.jpg\" alt=\"\" /> \r\n</p>\r\n<p style=\"text-align:left;\">\r\n	<a class=\"ke-insertfile\" href=\"/uploads/attached/file/20161103/20161103231918_54667.xls\" target=\"_blank\"><span style=\"font-size:24px;\">均流池数据.xls</span></a> \r\n</p>',1478099532,1478099532,'',0,49,1,0),
	(39,4,165,37,'数据0-人工湖测量数据','uploads/Article/face/thumbs//39_1478099735.jpg','<p style=\"text-align:left;\">\r\n	<img src=\"/uploads/attached/image/20161103/20161103231526_71605.jpg\" alt=\"\" /> \r\n</p>\r\n<p style=\"text-align:center;\">\r\n	<a class=\"ke-insertfile\" href=\"/uploads/attached/file/20161103/20161103194802_90956.xls\" target=\"_blank\"><strong><span style=\"font-size:16px;\">人工湖测量数据.xls</span></strong></a> \r\n</p>\r\n<p>\r\n	<br />\r\n</p>\r\n<p>\r\n	<br />\r\n</p>',1450691132,1450691132,'',2,62,1,0),
	(40,4,166,46,'AGC信号检测硬件电路设计','uploads/Article/face/thumbs//40_1478099820.jpg','<p>\r\n	<img src=\"/uploads/attached/image/20161103/20161103201317_30049.jpg\" alt=\"\" /> \r\n</p>\r\n<p>\r\n	<a class=\"ke-insertfile\" href=\"/uploads/attached/file/20161103/20161103201119_12853.pdf\" target=\"_blank\"><span style=\"font-size:18px;\">AGC信号检测硬件电路设计.pdf</span></a> \r\n</p>',1478099815,1478163768,'',2,40,1,0),
	(41,4,167,48,'案例2：身高和体重的关系探究','uploads/Article/face/thumbs//41_1478099899.jpg','<embed src=\"/uploads/attached/media/20161102/20161102231810_65305.mp4\" type=\"video/x-ms-asf-plugin\" width=\"550\" height=\"400\" autostart=\"false\" loop=\"true\" class=\"videoPlayer\" />',1478099894,1478164523,'',4,35,1,0),
	(42,4,168,48,'案例1：中国人口峰值预测','uploads/Article/face/thumbs//42_1478099962.jpg','<embed src=\"/uploads/attached/media/20161102/20161102231914_42167.mp4\" type=\"video/x-ms-asf-plugin\" width=\"550\" height=\"400\" autostart=\"false\" loop=\"true\" class=\"videoPlayer\" />',1478099957,1478164489,'',3,28,1,0),
	(43,4,169,47,'案例1：电子元件设计','uploads/Article/face/thumbs//43_1478100232.jpg','<embed src=\"/uploads/attached/media/20161102/20161102232341_48451.mp4\" type=\"video/x-ms-asf-plugin\" width=\"550\" height=\"400\" autostart=\"false\" loop=\"true\" class=\"videoPlayer\" />',1478100227,1478164263,'',4,28,1,0),
	(44,4,170,36,'游戏3：搭积木','uploads/Article/face/thumbs//44_1478100701.jpg','<embed src=\"/uploads/attached/media/20161102/20161102233132_29661.mp4\" type=\"video/x-ms-asf-plugin\" width=\"550\" height=\"400\" autostart=\"false\" loop=\"true\" class=\"videoPlayer\" />',1478100696,1478157925,'',4,44,1,0),
	(45,4,171,36,'游戏2：摘星星','uploads/Article/face/thumbs//45_1478101364.jpg','<embed src=\"/uploads/attached/media/20161102/20161102234220_14469.mp4\" type=\"video/x-ms-asf-plugin\" width=\"550\" height=\"400\" autostart=\"false\" loop=\"true\" class=\"videoPlayer\" />',1478101356,1478164128,'',4,43,1,0),
	(46,4,172,36,'游戏1：地下寻宝','uploads/Article/face/thumbs//46_1478101532.jpg','<embed src=\"/uploads/attached/media/20161102/20161102234427_40286.mp4\" type=\"video/x-ms-asf-plugin\" width=\"550\" height=\"400\" autostart=\"false\" loop=\"true\" class=\"videoPlayer\" />',1478101472,1478158761,'',5,69,1,0),
	(50,1,302,38,'5.数据拟合的几个应用实例','uploads/Article/face/thumbs//50_1478500514.jpg','<p>\r\n	<img src=\"/uploads/attached/image/20161107/20161107143306_65767.jpg\" alt=\"\" /> \r\n</p>\r\n<p>\r\n	<a class=\"ke-insertfile\" href=\"/uploads/attached/file/20161107/20161107143447_40989.doc\" target=\"_blank\"><span style=\"font-size:24px;\">数据拟合的几个应用实例.doc</span></a> \r\n</p>',1478500509,1478696681,'',10,47,1,0),
	(51,1,303,38,'4.曲面拟合原理与实例','uploads/Article/face/thumbs//51_1478500600.jpg','<img src=\"/uploads/attached/image/20161107/20161107143604_91466.jpg\" alt=\"\" /><span style=\"font-size:24px;\"></span><a class=\"ke-insertfile\" href=\"/uploads/attached/file/20161107/20161107143619_28653.doc\" target=\"_blank\"><span style=\"font-size:24px;\">曲面拟合原理与实例.doc</span></a>',1478500592,1478696838,'',14,54,0,0),
	(52,1,304,38,'3.数据拟合','uploads/Article/face/thumbs//52_1478500794.jpg','<p>\r\n	<img src=\"/uploads/attached/image/20161107/20161107143943_65409.jpg\" alt=\"\" /> \r\n</p>\r\n<p>\r\n	<a class=\"ke-insertfile\" href=\"/uploads/attached/file/20161107/20161107143922_36019.ppt\" target=\"_blank\"><span style=\"font-size:24px;\">数据拟合.ppt</span></a> \r\n</p>',1478500789,1478696826,'',12,50,1,0),
	(53,1,305,38,'2.最小二乘法历史简介','uploads/Article/face/thumbs//53_1478500864.jpg','<img src=\"/uploads/attached/image/20161107/20161107144053_76533.jpg\" alt=\"\" />',1478500860,1478696816,'',14,55,1,0),
	(54,1,306,38,'1.数据拟合微课','uploads/Article/face/thumbs//54_1478501772.jpg','<embed src=\"/uploads/attached/media/20161107/20161107144704_76585.mp4\" type=\"video/x-ms-asf-plugin\" width=\"550\" height=\"400\" autostart=\"false\" loop=\"true\" class=\"videoPlayer\" />',1478501766,1478696803,'',18,67,1,0),
	(55,5,307,39,'6.我的兴趣','uploads/Article/face/thumbs//55_1478502277.jpg','<img src=\"/uploads/attached/image/20161107/20161107150429_19924.jpg\" alt=\"\" />',1478502271,1478779582,'',7,54,1,0),
	(56,5,308,39,'5.我的课外项目','uploads/Article/face/thumbs//56_1478502351.jpg','<img src=\"/uploads/attached/image/20161107/20161107150536_16972.jpg\" alt=\"\" />',1478502345,1478779567,'',7,58,0,0),
	(61,5,381,39,'4.我的成绩','uploads/Article/face/thumbs//61_1478761654.jpg','<p>\r\n	<img src=\"/uploads/attached/image/20161110/20161110150715_19078.jpg\" alt=\"\" /> \r\n</p>\r\n<p style=\"text-align:center;\">\r\n	<img src=\"/uploads/attached/image/20161110/20161110191740_20798.jpg\" alt=\"\" />\r\n</p>',1478760982,1478779554,'',6,50,1,0),
	(63,5,383,39,'3.我的数学作业','uploads/Article/face/thumbs//63_1478761970.jpg','<img src=\"/uploads/attached/image/20161110/20161110151241_98141.jpg\" alt=\"\" />',1478761965,1478779540,'',6,51,1,0),
	(64,5,384,39,'2.学习照片','uploads/Article/face/thumbs//64_1478762045.JPG','<img src=\"/uploads/attached/image/20161110/20161110151350_28109.jpg\" alt=\"\" />',1478762034,1478779528,'',6,53,1,0),
	(65,5,385,39,'1.学习视频','uploads/Article/face/thumbs//65_1478762136.jpg','<embed src=\"/uploads/attached/media/20161110/20161110151523_21717.mp4\" type=\"video/x-ms-asf-plugin\" width=\"550\" height=\"400\" autostart=\"false\" loop=\"true\" class=\"videoPlayer\" />',1478762130,1478779515,'',6,59,1,0),
	(67,4,387,45,'案例1：人工湖测绘','uploads/Article/face/thumbs//67_1478763956.jpg','<embed src=\"/uploads/attached/media/20161110/20161110154534_71832.mp4\" type=\"video/x-ms-asf-plugin\" width=\"550\" height=\"400\" autostart=\"false\" loop=\"true\" class=\"videoPlayer\" />',1478763940,1478763940,'',0,28,1,1),
	(68,4,388,45,'案例3：公路设计-缓和曲线','uploads/Article/face/thumbs//68_1478767433.jpg','<embed src=\"/uploads/attached/media/20161110/20161110164342_45073.mp4\" type=\"video/x-ms-asf-plugin\" width=\"550\" height=\"400\" autostart=\"false\" loop=\"true\" class=\"videoPlayer\" />',1478767427,1478767427,'',0,3,1,0),
	(69,4,389,45,'案例2：储煤量计算','uploads/Article/face/thumbs//69_1478767516.jpg','<embed src=\"/uploads/attached/media/20161110/20161110164504_69146.mp4\" type=\"video/x-ms-asf-plugin\" width=\"550\" height=\"400\" autostart=\"false\" loop=\"true\" class=\"videoPlayer\" />',1478767509,1478767509,'',0,5,1,0),
	(70,23,390,39,'1.我的成绩','uploads/Article/face/thumbs//70_1478775645.jpg','<p>\r\n	<img src=\"/uploads/attached/image/20161110/20161110190019_64267.jpg\" alt=\"\" />\r\n</p>\r\n<p style=\"text-align:center;\">\r\n	<img src=\"/uploads/attached/image/20161110/20161110190031_38158.jpg\" alt=\"\" />\r\n</p>',1478775638,1478775638,'',0,2,1,0),
	(71,24,391,39,'1.我的成绩','uploads/Article/face/thumbs//71_1478776091.jpg','<p>\r\n	<img src=\"/uploads/attached/image/20161110/20161110190749_25781.jpg\" alt=\"\" />\r\n</p>\r\n<p style=\"text-align:center;\">\r\n	<img src=\"/uploads/attached/image/20161110/20161110190800_25546.jpg\" alt=\"\" />\r\n</p>',1478776084,1478776084,'',0,0,1,0),
	(72,6,392,39,'1.我的成绩','uploads/Article/face/thumbs//72_1478776436.jpg','<p>\r\n	<img src=\"/uploads/attached/image/20161110/20161110191322_76666.jpg\" alt=\"\" />\r\n</p>\r\n<p style=\"text-align:center;\">\r\n	<img src=\"/uploads/attached/image/20161110/20161110191339_78500.jpg\" alt=\"\" />\r\n</p>',1478776425,1478776487,'',1,4,1,0),
	(74,4,433,46,'案例：3D打印工作原理_高清','uploads/Article/face/thumbs//74_1479700546.jpg','<embed src=\"/uploads/attached/media/20161121/20161121115513_49801.mp4\" type=\"video/x-ms-asf-plugin\" width=\"550\" height=\"400\" autostart=\"false\" loop=\"true\" class=\"videoPlayer\" />',1479700536,1479700536,'',0,0,1,0),
	(75,4,0,38,'测试文章','http://placehold.it/210x140',NULL,0,0,'',0,0,0,0),
	(76,4,0,38,'测试文章','http://placehold.it/210x140',NULL,0,0,'',0,0,0,0),
	(77,4,2147483647,38,'OKOKOKOKOKOK','http://placehold.it/210x140',NULL,1489479227,1489479444,'',0,0,0,0),
	(78,4,2147483647,0,'','http://placehold.it/210x140',NULL,1489479578,1489479578,'',0,0,0,0),
	(79,5,97046536453619737,0,'','http://placehold.it/210x140',NULL,1489479746,1489479746,'',0,0,0,0),
	(80,5,97046536453619738,0,'','http://placehold.it/210x140',NULL,1489479777,1489479777,'',0,0,0,0),
	(81,4,97046536453619739,0,'','http://placehold.it/210x140',NULL,1489482243,1489482243,'',0,0,0,0),
	(82,5,97046536453619740,0,'','http://placehold.it/210x140',NULL,1489482978,1489482978,'',0,0,0,0),
	(83,5,97046536453619741,0,'','http://placehold.it/210x140',NULL,1489483051,1489483051,'',0,0,0,0),
	(84,5,97046536453619742,0,'','http://placehold.it/210x140',NULL,1489483513,1489483513,'',0,0,0,0),
	(85,5,97046536453619743,0,'','http://placehold.it/210x140',NULL,1489483726,1489483726,'',0,0,0,0),
	(86,5,97046536453619744,0,'','http://placehold.it/210x140',NULL,1489484187,1489484187,'',0,0,0,0),
	(87,5,97046536453619745,0,'','http://placehold.it/210x140',NULL,1489484301,1489484301,'',0,0,0,0),
	(88,5,97046536453619746,0,'','http://placehold.it/210x140',NULL,1489484378,1489486257,'Yii2,Web,Ios',0,0,0,0),
	(89,5,97046536453619747,0,'','http://placehold.it/210x140',NULL,1489485300,1489485300,'',0,0,0,0),
	(90,5,97046536453619748,0,'','http://placehold.it/210x140',NULL,1489485368,1489485368,'',0,0,0,0),
	(91,5,97046536453619749,0,'','http://placehold.it/210x140',NULL,1489485392,1489485392,'',0,0,0,0),
	(92,5,97046536453619750,0,'','http://placehold.it/210x140',NULL,1489485406,1489485406,'',0,0,0,0),
	(93,5,97046536453619751,0,'','http://placehold.it/210x140',NULL,1489485462,1489485462,'',0,0,0,0),
	(94,5,97046536453619752,0,'','http://placehold.it/210x140',NULL,1489485482,1489485482,'',0,0,0,0),
	(95,5,97046536453619753,0,'','http://placehold.it/210x140',NULL,1489485637,1489485637,'',0,0,0,0),
	(96,5,97046536453619754,0,'','http://placehold.it/210x140',NULL,1489485682,1489485682,'',0,0,0,0),
	(97,5,97046536453619755,0,'','http://placehold.it/210x140',NULL,1489485977,1489485977,'',0,0,0,0),
	(98,5,97046536453619756,0,'','http://placehold.it/210x140',NULL,1489486208,1489486208,'',0,0,0,0),
	(99,5,97046536453619757,0,'','http://placehold.it/210x140',NULL,1489486238,1489486238,'',0,0,0,0),
	(100,5,97046536453619758,0,'','http://placehold.it/210x140',NULL,1489486257,1489486257,'',0,0,0,0),
	(101,5,97046536453619759,0,'','http://placehold.it/210x140',NULL,1489486307,1489486307,'',0,0,0,0),
	(103,5,97046536453619762,0,'','http://placehold.it/210x140',NULL,1489489038,1489489038,'',0,0,0,0),
	(104,5,97046536453619763,0,'','http://placehold.it/210x140',NULL,1489489070,1489489070,'',0,0,0,0),
	(105,4,0,0,'','http://placehold.it/210x140','',1489489106,1489489543,'Yii2,新鲜事,Web',0,0,0,0),
	(106,4,0,0,'','http://placehold.it/210x140','',1489489562,1489489562,'Yii2,PHP',0,0,0,0);

/*!40000 ALTER TABLE `tbl_article` ENABLE KEYS */;
UNLOCK TABLES;


# Dump of table tbl_category
# ------------------------------------------------------------

DROP TABLE IF EXISTS `tbl_category`;

CREATE TABLE `tbl_category` (
  `id` int(11) NOT NULL AUTO_INCREMENT COMMENT '笔记id',
  `name` char(64) NOT NULL DEFAULT '' COMMENT '类型',
  `parentId` int(11) NOT NULL DEFAULT '0' COMMENT '父级分类',
  `type` char(64) NOT NULL DEFAULT '' COMMENT '类型,book,course等',
  `weight` int(11) NOT NULL DEFAULT '0' COMMENT '排序',
  `userId` int(11) NOT NULL DEFAULT '0' COMMENT '创建者',
  `description` text COMMENT '描述',
  `addTime` varchar(45) DEFAULT NULL COMMENT '添加日期',
  PRIMARY KEY (`id`)
) ENGINE=InnoDB DEFAULT CHARSET=utf8;

LOCK TABLES `tbl_category` WRITE;
/*!40000 ALTER TABLE `tbl_category` DISABLE KEYS */;

INSERT INTO `tbl_category` (`id`, `name`, `parentId`, `type`, `weight`, `userId`, `description`, `addTime`)
VALUES
	(34,'案例馆',0,'article',3,0,NULL,NULL),
	(35,'原理馆',0,'article',2,0,NULL,NULL),
	(36,'游戏馆',0,'article',4,0,NULL,NULL),
	(37,'实验馆',0,'article',5,0,NULL,NULL),
	(38,'资源馆',0,'article',6,0,NULL,NULL),
	(39,'个人展馆',0,'article',1,0,NULL,NULL),
	(42,'数学',0,'course',3,0,NULL,NULL),
	(43,'公共数学',42,'course',1,0,NULL,NULL),
	(45,'建筑与测绘',34,'article',1,0,NULL,NULL),
	(46,'机电工程',34,'article',3,0,NULL,NULL),
	(47,'电气与信息工程',34,'article',2,0,NULL,NULL),
	(48,'文法与管理',34,'article',4,0,NULL,NULL);

/*!40000 ALTER TABLE `tbl_category` ENABLE KEYS */;
UNLOCK TABLES;


# Dump of table tbl_comment
# ------------------------------------------------------------

DROP TABLE IF EXISTS `tbl_comment`;

CREATE TABLE `tbl_comment` (
  `id` int(11) NOT NULL AUTO_INCREMENT COMMENT '评论id',
  `articleId` int(11) DEFAULT NULL,
  `title` char(255) NOT NULL DEFAULT '' COMMENT '标题',
  `content` text NOT NULL COMMENT '内容',
  `addTime` int(11) DEFAULT '0' COMMENT '发表时间',
  `tbl_rate` int(11) NOT NULL DEFAULT '0' COMMENT '评分',
  `userId` int(11) NOT NULL COMMENT '发表者id',
  `commentableEntityId` int(11) NOT NULL DEFAULT '0' COMMENT '评论对象id',
  `entityId` int(11) NOT NULL DEFAULT '0' COMMENT 'Entity对象Id',
  `referId` int(11) NOT NULL DEFAULT '0' COMMENT '引用回复',
  `voteUpNum` int(11) NOT NULL DEFAULT '0' COMMENT '点赞数',
  `voteDownNum` int(11) NOT NULL DEFAULT '0' COMMENT '反对数',
  `deleted` tinyint(1) NOT NULL DEFAULT '0' COMMENT '是否删除',
  `deleteTime` int(11) NOT NULL DEFAULT '0' COMMENT '删除时间',
  PRIMARY KEY (`id`),
  KEY `userId` (`userId`)
) ENGINE=InnoDB DEFAULT CHARSET=utf8 COMMENT='评论';

LOCK TABLES `tbl_comment` WRITE;
/*!40000 ALTER TABLE `tbl_comment` DISABLE KEYS */;

INSERT INTO `tbl_comment` (`id`, `articleId`, `title`, `content`, `addTime`, `tbl_rate`, `userId`, `commentableEntityId`, `entityId`, `referId`, `voteUpNum`, `voteDownNum`, `deleted`, `deleteTime`)
VALUES
	(1,65,'','太好了，一直找这个！',1477279862,0,1,86,88,0,0,0,0,0),
	(2,54,'','谢谢您的支持',1477279882,0,1,86,89,1,0,0,0,0),
	(3,54,'','内容不错  挺丰富的',1477582963,0,3,86,110,0,0,0,0,0),
	(4,38,'','等于啊   怎么会不等于呢？',1477654316,0,3,118,119,0,0,0,0,0),
	(5,70,'','GOOD',1477727308,0,1,87,122,0,0,0,0,0),
	(6,71,'','数学馆的回复',1477728690,0,1,123,124,0,0,0,0,0),
	(7,65,'','回复中的回复',1477728709,0,1,123,125,6,0,0,0,0),
	(8,39,'','数学课的内容很好，很不错。',1478061597,0,1,87,144,0,0,0,0,0),
	(9,43,'','111',1478065567,0,1,87,145,8,0,0,0,0),
	(10,64,'','实践结合理论，知识掌握的快。',1478091268,0,4,149,150,0,0,0,1,1478154503),
	(11,68,'','通过这种方式对数据拟合理解更加深刻了，棒棒哒。',1478154433,0,6,149,174,0,0,0,0,0),
	(12,39,'','加老师，辛苦啦！',1478154466,0,6,149,175,10,0,0,0,0),
	(13,54,'','有了操作视频，可以反复学习，挺方便的。',1478155410,0,7,160,177,0,0,0,0,0),
	(14,68,'','看游戏学知识好主意，赞赞赞！',1478155608,0,7,172,178,0,0,0,0,0),
	(15,41,'','积木游戏，简单易懂，操作步骤一下子就记住了。',1478156083,0,8,170,180,0,0,0,0,0),
	(16,43,'','游戏蛮有创意的，一看就全都记住了。',1478156440,0,8,171,181,0,0,0,0,0),
	(17,64,'','思维导图结合系统视频，真的能快速掌握知识要点，反复学习。',1478156946,0,9,157,183,0,0,0,0,0),
	(18,69,'','老师，辛苦啦。',1478156956,0,9,157,184,0,0,0,0,0),
	(19,34,'','有地方下载数据，好方便。',1478157006,0,9,163,185,0,0,0,0,0),
	(20,32,'','通过实例研究，科学分析，还真挺有意思的。',1478157281,0,9,167,186,0,0,0,0,0),
	(21,33,'','真的是超级好，这样学数学感觉容易好多。',1478157449,0,10,172,188,14,0,0,0,0),
	(22,32,'','现在明白了，为什么大家都爱选加老师的课，因为寓教于乐，能把数学变的这么有意思。',1478157499,0,10,172,189,0,0,0,0,0),
	(23,40,'','赞，真不错的教学方式。',1478157566,0,10,170,190,0,0,0,0,0),
	(24,33,'','学校的花坛也可以被用来当做教学场景，棒棒哒。',1478157597,0,10,151,191,0,0,0,0,0),
	(25,70,'','五个步骤瞬间就记住了。',1478157677,0,10,156,192,0,0,0,0,0),
	(26,50,'','现在记住了是吧，呵呵。',1478157895,0,11,170,194,15,0,0,0,0),
	(27,41,'','很不错的教学方式，多多益善。',1478157925,0,11,170,195,0,0,0,0,0),
	(28,29,'','对数学越来越感兴趣了。',1478157943,0,11,171,196,0,0,0,0,0),
	(29,67,'','画点图、选函数、求参数、验效果、再完善，这就是五个步骤口诀。',1478157988,0,11,157,197,0,0,0,0,0),
	(30,39,'','有图有真相，看着就想学。',1478158014,0,11,156,198,0,0,0,0,0),
	(31,33,'','以后上高速得多观察，看看是不是缓和曲线。',1478158070,0,11,153,199,0,0,0,0,0),
	(32,53,'','有视频学起来快多了',1478158168,0,11,169,200,0,0,0,0,0),
	(33,50,'','看着视频学着知识点，好人性化。',1478158637,0,12,157,202,0,0,0,0,0),
	(34,74,'','学校的人工湖派上大用场啦',1478158656,0,12,149,203,0,0,0,0,0),
	(35,69,'','思维台阶，层层递进，训练思维的好办法。',1478158683,0,12,158,204,0,0,0,0,0),
	(36,31,'','以前复杂函数总记不住，现在都不怕记不住。',1478158745,0,12,172,205,0,0,0,0,0),
	(37,52,'','真的特别管用。',1478158761,0,12,172,206,22,0,0,0,0),
	(38,43,'','原来数学这么有用，以后更得好好学。',1478158790,0,12,152,207,0,0,0,0,0),
	(39,36,'','数学真是无处不在，太好用了',1478159234,0,13,154,209,0,0,0,0,0),
	(40,41,'','2029年达到峰值，期待结果的验证。',1478159283,0,13,168,210,0,0,0,0,0),
	(41,55,'','你自己的身高研究明白了吗？',1478159314,0,13,167,211,20,0,0,0,0),
	(42,68,'','加老师，这样的案例多点，就更好。',1478159337,0,13,167,212,0,0,0,0,0),
	(43,50,'','学以致用，数学真的在身边。',1478159560,0,13,149,213,0,0,0,0,0),
	(44,38,'','好资料，下载先。',1478159655,0,13,166,214,0,0,0,0,0),
	(45,28,'','这也可以算，太爱数学了，我以后得好好学。',1478159675,0,13,155,215,0,0,0,0,0),
	(46,29,'','学完一起交流，还得请教你。',1478159696,0,13,169,216,32,0,0,0,0),
	(47,36,'','电子元件设计不再是难事。',1478159727,0,13,169,217,0,0,0,0,0),
	(48,36,'','背一遍，看看记对了没有？哈哈',1478159828,0,13,156,218,25,0,0,0,0),
	(49,54,'','每一个知识要点都讲到了，好好记。',1478159890,0,13,157,219,0,0,0,0,0),
	(50,69,'','案例研究的结果数，好好验证。',1478159943,0,13,163,220,0,0,0,0,0),
	(51,25,'','太有用了，学习去了。',1478159995,0,13,160,221,0,0,0,0,0),
	(52,51,'','看完了才知道，函数这么有用。',1478160155,0,14,153,223,0,0,0,0,0),
	(53,52,'','研究明白了，听你讲课哈。',1478160177,0,14,153,224,31,0,0,0,0),
	(54,53,'','理论跟实践结合，这样学的更具体。',1478160232,0,14,152,225,0,0,0,0,0),
	(55,46,'','数据拟合好神奇',1478160292,0,14,149,226,0,0,0,0,0),
	(56,56,'','这么好的学习视频，看来得加把劲好好学习了。',1478161952,0,15,149,228,0,0,0,0,0),
	(57,61,'','同感。',1478161969,0,15,152,229,38,0,0,0,0),
	(58,42,'','学好理论基础，才会有更好的运用。',1478162007,0,15,151,230,0,0,0,0,0),
	(59,25,'','课后好好核对数据去。',1478162058,0,15,165,231,0,0,0,0,0),
	(60,37,'','知识点梳理的很清晰，很容易理解。',1478163768,0,16,166,233,0,0,0,0,0),
	(61,74,'','一起努力，多交流哈。',1478163785,0,16,155,234,45,0,0,0,0),
	(62,28,'','以后弄个函数游戏大全吧',1478164092,0,17,171,236,0,0,0,0,0),
	(63,28,'','再也不会觉得数学枯燥了。',1478164128,0,17,171,237,0,0,0,0,0),
	(64,32,'','再也不会觉得数学很枯燥。',1478164148,0,17,153,238,0,0,0,0,0),
	(65,32,'','跟着一步一步学习，设计软件用的越来越熟练了。',1478164263,0,17,169,239,0,0,0,0,0),
	(66,25,'','有文档好多了，学习更有针对性。',1478164310,0,17,154,240,0,0,0,0,0),
	(67,54,'','共同验证。',1478164328,0,17,168,241,40,0,0,0,0),
	(68,41,'','了解数学，了解数据，很有意思。',1478164489,0,18,168,243,0,0,0,0,0),
	(69,45,'','确实是呢，多点学起来更有意思。',1478164523,0,18,167,244,42,0,0,0,0),
	(70,53,'','以前用思维导图梳理不清楚，现在好多了。',1478164554,0,18,157,245,0,0,0,0,0),
	(71,52,'','分析测量出来的数据，对测绘结果可以再完善。',1478164648,0,18,165,246,0,0,0,0,0),
	(72,71,'','真有用。',1478164899,0,19,153,248,0,0,0,0,0),
	(73,74,'','用数据说话，科学有依据。',1478192579,0,13,162,258,0,0,0,0,0),
	(74,56,'','科学分析，数据为王。',1478192645,0,28,162,259,0,0,0,0,0),
	(75,34,'','科学测绘，数学拟合。',1478192718,0,5,149,260,0,0,0,0,0),
	(76,64,'','学好数理化，走遍天下都不怕。',1478192755,0,5,155,261,61,0,0,0,0),
	(77,56,'','看来要学的东西还挺多，加油学习。',1478192907,0,27,153,262,0,0,0,0,0),
	(78,37,'','明白了',1478690139,0,6,306,313,0,0,0,0,0),
	(79,37,'','懂了！！！赞',1478690767,0,7,306,314,0,0,0,0,0),
	(80,74,'','长知识了',1478690784,0,7,305,315,0,0,0,0,0),
	(81,34,'','这个课件讲的挺好的！！！',1478690890,0,7,304,316,0,0,0,0,0),
	(82,70,'','懂了，赞',1478690981,0,7,303,317,0,0,0,0,0),
	(83,40,'','可以',1478691060,0,7,302,318,0,0,0,0,0),
	(84,55,'','好！',1478691522,0,9,306,319,0,0,0,0,0),
	(85,25,'','额，这样呀',1478691551,0,9,305,320,0,0,0,0,0),
	(86,35,'','会了',1478691622,0,9,303,321,0,0,0,0,0),
	(87,53,'','再多些例子就好了',1478691793,0,10,306,322,0,0,0,0,0),
	(88,53,'','明白了',1478691817,0,10,305,323,0,0,0,0,0),
	(89,28,'','understand',1478691831,0,10,304,324,0,0,0,0,0),
	(90,36,'','会了',1478691851,0,10,303,325,0,0,0,0,0),
	(91,31,'','哇',1478691863,0,10,302,326,0,0,0,0,0),
	(92,52,'','挺好',1478692476,0,11,306,327,0,0,0,0,0),
	(93,65,'','原来如此',1478694346,0,20,305,328,0,0,0,0,0),
	(94,53,'','还行',1478694384,0,20,304,329,0,0,0,0,0),
	(95,38,'','哦，是这样啊',1478694471,0,20,303,330,0,0,0,0,0),
	(96,44,'','ok',1478694479,0,11,306,331,0,0,0,0,0),
	(97,40,'','秒懂',1478694541,0,12,306,332,0,0,0,0,0),
	(98,28,'','懂了',1478694557,0,12,305,333,0,0,0,0,0),
	(99,65,'','还不错哦',1478694558,0,20,302,334,0,0,0,0,0),
	(100,31,'','哦哦',1478694569,0,12,304,335,0,0,0,0,0),
	(101,53,'','好！！！！',1478694582,0,12,303,336,0,0,0,0,0),
	(102,35,'','好！',1478694598,0,12,302,337,0,0,0,0,0),
	(103,68,'','good!',1478694667,0,13,306,338,0,0,0,0,0),
	(104,43,'','好！！！',1478694680,0,13,305,339,0,0,0,0,0),
	(105,51,'','还能再讲深一点吗',1478694688,0,21,306,340,0,0,0,0,0),
	(106,28,'','(*^__^*)',1478694760,0,21,305,341,0,0,0,0,0),
	(107,65,'','\\(^o^)/YES!',1478694811,0,21,304,342,0,0,0,0,0),
	(108,56,'','哇！！！',1478694815,0,13,303,343,0,0,0,0,0),
	(109,46,'','Y(^o^)Y',1478694842,0,21,303,344,0,0,0,0,0),
	(110,34,'','&lt;(＾－＾)&gt;',1478694890,0,21,302,345,0,0,0,0,0),
	(111,39,'','棒棒哒！！！',1478694995,0,14,306,346,0,0,0,0,0),
	(112,51,'','好！！！！',1478695013,0,14,305,347,0,0,0,0,0),
	(113,74,'','懂了',1478695030,0,14,304,348,0,0,0,0,0),
	(114,40,'','恩恩！！！！',1478695059,0,14,303,349,0,0,0,0,0),
	(115,35,'','这个平台不错啊',1478695107,0,22,306,350,0,0,0,0,0),
	(116,70,'','哈哈，明白了！',1478695127,0,15,306,351,0,0,0,0,0),
	(117,32,'','还能这样啊',1478695157,0,22,305,352,0,0,0,0,0),
	(118,52,'','哈哈',1478695527,0,17,306,353,0,0,0,0,0),
	(119,70,'','以前还不知道有这个平台',1478695742,0,22,304,354,0,0,0,0,0),
	(120,29,'','挺方便',1478695777,0,22,303,355,0,0,0,0,0),
	(121,46,'','还可以这样啊',1478695807,0,22,302,356,0,0,0,0,0),
	(122,71,'','d=====(￣▽￣*)b',1478696025,0,23,306,357,0,0,0,0,0),
	(123,71,'','d=====(￣▽￣*)',1478696073,0,23,305,358,0,0,0,0,0),
	(124,46,'','d=====(￣▽￣*)b',1478696101,0,23,304,359,0,0,0,0,0),
	(125,45,'','d=====(￣▽￣*)b',1478696136,0,23,303,360,0,0,0,0,0),
	(126,52,'','d=====(￣▽￣*)b',1478696156,0,23,302,361,0,0,0,0,0),
	(127,55,'','o(￣▽￣)d',1478696348,0,24,306,362,0,0,0,0,0),
	(128,38,'','o(￣▽￣)d',1478696360,0,24,305,363,0,0,0,0,0),
	(129,41,'','o(￣▽￣)d',1478696388,0,24,304,364,0,0,0,0,0),
	(130,42,'','o(￣▽￣)d',1478696401,0,24,303,365,0,0,0,0,0),
	(131,34,'','o(￣▽￣)d',1478696416,0,24,302,366,0,0,0,0,0),
	(132,39,'','( *︾▽︾)',1478696510,0,25,306,367,0,0,0,0,0),
	(133,35,'','( *︾▽︾)',1478696522,0,25,305,368,0,0,0,0,0),
	(134,30,'','( *︾▽︾)',1478696533,0,25,304,369,0,0,0,0,0),
	(135,46,'','( *︾▽︾)',1478696546,0,25,303,370,0,0,0,0,0),
	(136,33,'','( *︾▽︾)',1478696561,0,25,302,371,0,0,0,0,0),
	(137,64,'','O(∩_∩)O嗯!',1478696630,0,26,306,372,0,0,0,0,0),
	(138,67,'','O(∩_∩)O嗯!',1478696643,0,26,305,373,0,0,0,0,0),
	(139,72,'','O(∩_∩)O嗯!',1478696656,0,26,304,374,0,0,0,0,0),
	(140,46,'','O(∩_∩)O嗯!',1478696666,0,26,303,375,0,0,0,0,0),
	(141,55,'','O(∩_∩)O嗯!',1478696681,0,26,302,376,0,0,0,0,0),
	(142,46,'','(。＾▽＾)',1478696803,0,27,306,377,0,0,0,0,0),
	(143,35,'','(。＾▽＾)',1478696816,0,27,305,378,0,0,0,0,0),
	(144,68,'','(。＾▽＾)',1478696826,0,27,304,379,0,0,0,0,0),
	(145,42,'','(。＾▽＾)',1478696838,0,27,303,380,0,0,0,0,0),
	(146,52,'','努力学有回报，继续加油。',1478776487,0,6,392,393,0,0,0,0,0),
	(147,39,'','懂了',1478778332,0,20,385,394,0,0,0,0,0),
	(148,67,'','学霸',1478778344,0,20,384,395,0,0,0,0,0),
	(149,38,'','这也不难',1478778361,0,20,383,396,0,0,0,0,0),
	(150,30,'','还行',1478778385,0,20,381,397,0,0,0,0,0),
	(151,29,'','哇',1478778804,0,5,308,398,0,0,0,0,0),
	(152,40,'','不懂',1478778817,0,5,307,399,0,0,0,0,0),
	(153,74,'','厉害',1478778924,0,20,308,400,0,0,0,0,0),
	(154,44,'','。。。。',1478778938,0,20,307,401,0,0,0,0,0),
	(155,32,'','哦哦',1478778998,0,6,385,402,0,0,0,0,0),
	(156,45,'','好',1478779012,0,6,384,403,0,0,0,0,0),
	(157,45,'','棒棒哒',1478779025,0,6,383,404,0,0,0,0,0),
	(158,54,'','厉害',1478779046,0,6,381,405,0,0,0,0,0),
	(159,38,'','好',1478779065,0,6,308,406,0,0,0,0,0),
	(160,61,'','嗯嗯',1478779078,0,6,307,407,0,0,0,0,0),
	(161,55,'','棒棒哒',1478779134,0,7,385,408,0,0,0,0,0),
	(162,30,'','榜样',1478779146,0,7,384,409,0,0,0,0,0),
	(163,40,'','简单',1478779156,0,7,383,410,0,0,0,0,0),
	(164,37,'','可以呀',1478779166,0,7,381,411,0,0,0,0,0),
	(165,35,'','可以',1478779176,0,7,308,412,0,0,0,0,0),
	(166,32,'','ok',1478779200,0,7,307,413,0,0,0,0,0),
	(167,39,'','讲明白了',1478779259,0,19,385,414,0,0,0,0,0),
	(168,25,'','这态度',1478779270,0,19,384,415,0,0,0,0,0),
	(169,41,'','哈哈，我也会',1478779281,0,19,383,416,0,0,0,0,0),
	(170,63,'','厉害呀',1478779291,0,19,381,417,0,0,0,0,0),
	(171,71,'','行',1478779302,0,19,308,418,0,0,0,0,0),
	(172,50,'','这样呀',1478779316,0,19,307,419,0,0,0,0,0),
	(173,54,'','真清楚',1478779369,0,10,385,420,0,0,0,0,0),
	(174,55,'','挺认真',1478779390,0,10,384,421,0,0,0,0,0),
	(175,55,'','好',1478779399,0,10,383,422,0,0,0,0,0),
	(176,30,'','这分数高',1478779411,0,10,381,423,0,0,0,0,0),
	(177,43,'','还有项目呢呀',1478779426,0,10,308,424,0,0,0,0,0),
	(178,68,'','这是啥',1478779437,0,10,307,425,0,0,0,0,0),
	(179,44,'','明白了',1478779515,0,9,385,426,0,0,0,0,0),
	(180,74,'','真爱学习呀',1478779528,0,9,384,427,0,0,0,0,0),
	(181,52,'','棒',1478779540,0,9,383,428,0,0,0,0,0),
	(182,70,'','学习真好',1478779554,0,9,381,429,0,0,0,0,0),
	(183,40,'','感觉好高大上呀',1478779567,0,9,308,430,0,0,0,0,0),
	(184,65,'','没明白这是干嘛的',1478779582,0,9,307,431,0,0,0,0,0);

/*!40000 ALTER TABLE `tbl_comment` ENABLE KEYS */;
UNLOCK TABLES;


# Dump of table tbl_tag
# ------------------------------------------------------------

DROP TABLE IF EXISTS `tbl_tag`;

CREATE TABLE `tbl_tag` (
  `id` int(11) NOT NULL AUTO_INCREMENT COMMENT '关键词序号',
  `tag_name` varchar(45) NOT NULL COMMENT '关键词',
  PRIMARY KEY (`id`)
) ENGINE=InnoDB DEFAULT CHARSET=utf8 COMMENT='关键词';

LOCK TABLES `tbl_tag` WRITE;
/*!40000 ALTER TABLE `tbl_tag` DISABLE KEYS */;

INSERT INTO `tbl_tag` (`id`, `tag_name`)
VALUES
	(1,'PHP'),
	(2,'Yii2'),
	(3,'Web'),
	(4,'前端'),
	(5,'前端'),
	(6,'前端'),
	(7,'Ios'),
	(9,'花坛'),
	(10,'测绘'),
	(11,'视频'),
	(12,'新鲜事');

/*!40000 ALTER TABLE `tbl_tag` ENABLE KEYS */;
UNLOCK TABLES;


# Dump of table tbl_tag_has_article
# ------------------------------------------------------------

DROP TABLE IF EXISTS `tbl_tag_has_article`;

CREATE TABLE `tbl_tag_has_article` (
  `article_id` int(11) NOT NULL,
  `tag_id` int(11) NOT NULL,
  `tag_name` varchar(45) DEFAULT NULL,
  PRIMARY KEY (`tag_id`,`article_id`)
) ENGINE=InnoDB DEFAULT CHARSET=utf8;

LOCK TABLES `tbl_tag_has_article` WRITE;
/*!40000 ALTER TABLE `tbl_tag_has_article` DISABLE KEYS */;

INSERT INTO `tbl_tag_has_article` (`article_id`, `tag_id`, `tag_name`)
VALUES
	(106,1,'PHP'),
	(25,2,'Yii2'),
	(81,2,'Yii2'),
	(82,2,'Yii2'),
	(83,2,'Yii2'),
	(84,2,'Yii2'),
	(85,2,'Yii2'),
	(86,2,'Yii2'),
	(87,2,'Yii2'),
	(88,2,'Yii2'),
	(89,2,'Yii2'),
	(90,2,'Yii2'),
	(91,2,'Yii2'),
	(92,2,'Yii2'),
	(93,2,'Yii2'),
	(94,2,'Yii2'),
	(95,2,'Yii2'),
	(96,2,'Yii2'),
	(97,2,'Yii2'),
	(98,2,'Yii2'),
	(99,2,'Yii2'),
	(100,2,'Yii2'),
	(101,2,'Yii2'),
	(104,2,'Yii2'),
	(105,2,'Yii2'),
	(106,2,'Yii2'),
	(25,3,'Web'),
	(81,3,'Web'),
	(82,3,'Web'),
	(83,3,'Web'),
	(84,3,'Web'),
	(85,3,'Web'),
	(86,3,'Web'),
	(87,3,'Web'),
	(88,3,'Web'),
	(89,3,'Web'),
	(90,3,'Web'),
	(91,3,'Web'),
	(92,3,'Web'),
	(93,3,'Web'),
	(94,3,'Web'),
	(95,3,'Web'),
	(96,3,'Web'),
	(97,3,'Web'),
	(98,3,'Web'),
	(99,3,'Web'),
	(100,3,'Web'),
	(101,3,'Web'),
	(104,3,'Web'),
	(105,3,'Web'),
	(84,4,'前端'),
	(87,4,'前端'),
	(89,4,'前端'),
	(90,4,'前端'),
	(91,4,'前端'),
	(92,4,'前端'),
	(93,4,'前端'),
	(94,4,'前端'),
	(95,4,'前端'),
	(96,4,'前端'),
	(97,4,'前端'),
	(98,4,'前端'),
	(99,4,'前端'),
	(100,4,'前端'),
	(101,4,'前端'),
	(104,4,'前端'),
	(85,5,'前端'),
	(86,6,'前端'),
	(88,7,'Ios'),
	(25,9,'花坛'),
	(105,12,'新鲜事');

/*!40000 ALTER TABLE `tbl_tag_has_article` ENABLE KEYS */;
UNLOCK TABLES;



/*!40111 SET SQL_NOTES=@OLD_SQL_NOTES */;
/*!40101 SET SQL_MODE=@OLD_SQL_MODE */;
/*!40014 SET FOREIGN_KEY_CHECKS=@OLD_FOREIGN_KEY_CHECKS */;
/*!40101 SET CHARACTER_SET_CLIENT=@OLD_CHARACTER_SET_CLIENT */;
/*!40101 SET CHARACTER_SET_RESULTS=@OLD_CHARACTER_SET_RESULTS */;
/*!40101 SET COLLATION_CONNECTION=@OLD_COLLATION_CONNECTION */;
